create schema if not exists `reto2_g4_true` default character set utf8mb4;
use `reto2_g4_true` ;


-- =========================
-- CLIENTE
-- =========================

DROP TABLE IF EXISTS `cliente`;
CREATE TABLE `cliente` (
  `DNICliente` varchar(9) NOT NULL,
  `Nombre` char(30) NOT NULL,
  `Apellido` char(30) NOT NULL,
  `Correo` varchar(30) NOT NULL,
  `Contraseña` varchar(20) NOT NULL,
  PRIMARY KEY (`DNICliente`)
) ENGINE=InnoDB DEFAULT CHARSET=utf8mb4 COLLATE=utf8mb4_general_ci;


/*Inserts*/
insert into Cliente (DNICliente, Nombre, Apellido, Correo, Contraseña)
values
('67856221B', 'Julio', 'Verne', 'jverne@gmail.com', 'JVerne00-'),
('76466993C', 'Charles', 'Chaplin', 'tiemposModernos@gmail.com', 'Oona O neill'),
('12345678X', 'Ana', 'Perez', 'ana@gmail.com', 'Ana12345');



ALTER TABLE cliente 
MODIFY Correo VARCHAR(255) Not NULL,
MODIFY Contraseña VARCHAR(255) not NULL;

-- =========================
-- COMPRA
-- =========================

DROP TABLE IF EXISTS `compra`;
CREATE TABLE `compra` (
  `IDCompra` int unsigned NOT NULL AUTO_INCREMENT,
  `Fecha` timestamp NOT NULL DEFAULT current_timestamp() ON UPDATE current_timestamp(),
  `DNICliente` varchar(9) NOT NULL,
  `descuento` double NOT NULL,
  `Canal` TINYINT(1) NOT NULL,
  `Importe` double NOT NULL,
  PRIMARY KEY (`IDCompra`),
  CONSTRAINT `chk_Canal` CHECK (`Canal` IN (0,1)),
  CONSTRAINT `fk_Compra_Cliente` FOREIGN KEY (`DNICliente`) REFERENCES `cliente` (`DNICliente`) ON UPDATE CASCADE
) ENGINE=InnoDB DEFAULT CHARSET=utf8mb4 COLLATE=utf8mb4_general_ci;



/*Inserts*/

insert into Compra(IDCompra,Fecha,DNICliente,descuento,Canal,Importe)
values
(1,"2026-01-16 18:00:00",'67856221B',0.0,0,9.5),
(2,"2026-01-17 16:00:00",'76466993C',0,0,6),
(3,"2026-01-18 20:00:00",'67856221B',0,0,12),
(4,"2026-01-19 00:00:00",'76466993C',0,0,9.5);
-- =========================
-- ENTRADA
-- =========================

DROP TABLE IF EXISTS `entrada`;
CREATE TABLE entrada (
  IDEntrada INT UNSIGNED NOT NULL AUTO_INCREMENT,
  NumPers INT UNSIGNED NOT NULL,
  IDSesion INT UNSIGNED NOT NULL,
  IDCompra INT UNSIGNED NOT NULL,
  FecHoraIni TIMESTAMP NOT NULL DEFAULT CURRENT_TIMESTAMP(),
  PRIMARY KEY (IDEntrada),
  KEY fk_Entrada_Compra (IDCompra),
  KEY fk_Entrada_Sesion (IDSesion),
  CONSTRAINT fk_Entrada_Compra FOREIGN KEY (IDCompra) REFERENCES compra(IDCompra) ON UPDATE CASCADE,
  CONSTRAINT fk_Entrada_Sesion FOREIGN KEY (IDSesion) REFERENCES sesion(IDSesion) ON UPDATE CASCADE
);

/*Inserts*/
INSERT INTO Entrada(IDEntrada, NumPers, IDSesion, IDCompra, FecHoraIni)
VALUES
(1, 50, '1', '1', '2026-01-15 10:00:00'),
(2, 20, '1', '2', '2026-01-15 12:00:00'),
(3, 15, '2', '3', '2026-01-15 14:00:00'),
(4, 20, '3', '4', '2026-01-15 16:00:00'),
(5, 25, '1', '1', '2026-01-15 18:00:00'),
(6, 30, '3', '2', '2026-01-15 20:00:00'),
(7, 12, '2', '3', '2026-01-15 22:00:00'),
(8, 18, '1', '4', '2026-01-16 00:00:00');


-- =========================
-- GENERO
-- =========================

DROP TABLE IF EXISTS `genero`;
CREATE TABLE `genero` (
  `IDGenero` int unsigned NOT NULL AUTO_INCREMENT,
  `NomGenero` char(20) NOT NULL,
  PRIMARY KEY (`IDGenero`)
) ENGINE=InnoDB DEFAULT CHARSET=utf8mb4 COLLATE=utf8mb4_general_ci;

/*Insert*/
insert into Genero(IDGenero, NomGenero)
values
(1,'Animación'),
(2,'Horror'),
(3,'Thriller'),
(4,'Comedia'),
(5,'Bélico');


-- =========================
-- PELICULA
-- =========================

DROP TABLE IF EXISTS `pelicula`;
CREATE TABLE `pelicula` (
  `IDPelicula` int unsigned NOT NULL AUTO_INCREMENT,
  `NomPelicula` varchar(50) NOT NULL,
  `Duracion` int unsigned NOT NULL,
  `IDGenero` int unsigned NOT NULL,
  `Portada` varchar(255) NOT NULL,
  PRIMARY KEY (`IDPelicula`),
  KEY `FK_Pelicula_Genero` (`IDGenero`),
  CONSTRAINT `FK_Pelicula_Genero` FOREIGN KEY (`IDGenero`) REFERENCES `genero` (`IDGenero`) ON UPDATE CASCADE
) ENGINE=InnoDB DEFAULT CHARSET=utf8mb4 COLLATE=utf8mb4_general_ci;


ALTER TABLE `reto2_g4_true`.`pelicula` 
CHANGE COLUMN `DesPelicula` `DesPelicula` VARCHAR(1200) NOT NULL ;




/*Insert*/
insert into Pelicula (IDPelicula, NomPelicula, Duracion, IDGenero, Portada)
values
(1,'El Rey Leon', 88, 1, 'https://imgs.search.brave.com/_5dc4VhCTZLut53Ht3d8uT-NhqR8VIYqfLrSNTT3whE/rs:fit:860:0:0:0/g:ce/aHR0cHM6Ly9tZWRp/YS50aGVtb3ZpZWRi/Lm9yZy90L3AvdzMw/MF9hbmRfaDQ1MF9m/YWNlL2IwTXhVMzdk/Tm1Nd0t0b1BWWVBL/T1pTSXJJbi5qcGc'),
(2,'No respires', 88, 2, 'https://imgs.search.brave.com/ihzEF6bQUrQjgOa8v10o5CYMji89rS3OoKlqiyNkS-Q/rs:fit:860:0:0:0/g:ce/aHR0cHM6Ly9tLm1l/ZGlhLWFtYXpvbi5j/b20vaW1hZ2VzL00v/TVY1QllUZzVOamho/TlRJdE5EUmtaaTAw/TXpSa0xUa3daVGd0/TnpCa1lqRTFaR1Uz/TTJabFhrRXlYa0Zx/Y0djQC5qcGc
'),
(3,'Senderos de gloria', 86, 5, 'https://imgs.search.brave.com/qLvrskRm0rEIlVyGuaZG_kKW0kBz-_9LWOTGSJmUAoc/rs:fit:860:0:0:0/g:ce/aHR0cHM6Ly9tLm1l/ZGlhLWFtYXpvbi5j/b20vaW1hZ2VzL00v/TVY1QlpqZzBNV0pq/TTJJdFl6TmpaUzAw/TVRreUxUaGlOekF0/T1RsbVpHWmlaV0U1/T1dKaFhrRXlYa0Zx/Y0djQC5qcGc'),
(4,'Cop Car', 88, 3, 'https://imgs.search.brave.com/BGqrP5PYce2gCY9ZUfLp4lgmhbSpl9Y33kWFOAJkvKU/rs:fit:860:0:0:0/g:ce/aHR0cHM6Ly9tZWRp/YXByb3h5LnR2dHJv/cGVzLm9yZy93aWR0/aC8xMjAwL2h0dHBz/Oi8vc3RhdGljLnR2/dHJvcGVzLm9yZy9w/bXdpa2kvcHViL2lt/YWdlcy9pbWdfOTE0/NV8zLmpwZWc
' ),
(5,'¡Aterriza como puedas!' , 92, 4, 'https://imgs.search.brave.com/1fyE5g2uMLQXGifPBcEBod79aHjSjz-KlDjWQjLJ3vk/rs:fit:860:0:0:0/g:ce/aHR0cHM6Ly9tLm1l/ZGlhLWFtYXpvbi5j/b20vaW1hZ2VzL00v/TVY1Qll6Y3labVl6/WldNdE1qUmlNeTAw/WXpsakxUazFObUl0/TjJFM016bGhObVUz/TlRjelhrRXlYa0Zx/Y0djQC5qcGc
');


UPDATE `reto2_g4_true`.`pelicula` SET `DesPelicula` = 'Simba es un pequeño y travieso león, hijo del rey de la selva, Mufasa. Cierto día, junto con su amiga Nala se adentran en el territorio de las hienas y tienen que ser salvados por su padre. Esto le da una idea a Scar, el tío de Simba, que quiere ser el rey, pero sabe que Simba es quien está llamado a ser el siguiente rey de la selva. Scar traza junto a las hienas un plan para matar a padre e hijo y que parezca un accidente, para así instaurar un reinado de terror en la manada. Sin embargo su plan no le sale como había previsto y Simba sale con vida. Scar no le mata pero le obliga a huir. Desterrado, solo y abatido, Simba se encuentra con Timón y Pumba, un jabalí y un suricato que le harán ver las cosas de otra manera.' WHERE (`IDPelicula` = '1');
UPDATE `reto2_g4_true`.`pelicula` SET `DesPelicula` = 'Tres jóvenes planifican a la perfección cada robo que realizan en los chalet que asaltan. Ahora han encontrado el objetivo perfecto: la vivienda de un multimillonario ciego que podría sacarles de la delincuencia para siempre. Cuando entran, atacan al inquilino. Pero, tan pronto como intentan huir de la casa, los roles se cambian y los adolescentes se encuentran luchando por su supervivencia contra un peligroso psicópata.' WHERE (`IDPelicula` = '2');
UPDATE `reto2_g4_true`.`pelicula` SET `DesPelicula` = 'Se presenta el conflicto bélico de 1916 de trincheras entre franceses y alemanes, donde se nos muestra la decadente presencia de las unidades, temerosas y desorganizadas en un enfrentamiento que ni avanzaba ni retrocedía. El General George Broulard (Adolphe Menjou), tentado por una oferta del General Miró, ambos firmes exaltadores de la patria francesa, ordenan al Coronel Dax (Kirk Douglas) a llevar a cabo una ofensiva para tomar la “Colina de las Hormigas”, punto estratégico de la artillería alemana. Aunque Dax considera el ataque un suicidio, obedece las órdenes. La Brigada 119 se desordena ante el ataque inminente alemán, provocando la retirada y la insubordinación. Ante el hecho de cobardía, el General Broulard convoca un consejo de guerra para condenar a unos soldados de dicha Brigada, escogidos al azar, como represalia a la unidad por su traición.' WHERE (`IDPelicula` = '3');
UPDATE `reto2_g4_true`.`pelicula` SET `DesPelicula` = 'Dos niños de ocho años de Colorado encuentran un coche policial aparentemente abandonado y con las llaves en el contacto, así que deciden aprender a conducirlo. Las pistolas y el cordón policial son juguetes para Travis y Harrison hasta que un policía corrupto reclama el vehículo, en el que había transportado un cadáver. Así comienza la macabra persecución en la que los dos jóvenes tratarán de huir.' WHERE (`IDPelicula` = '4');
UPDATE `reto2_g4_true`.`pelicula` SET `DesPelicula` = 'A causa de una comida en mal estado, los pilotos de un avión comercial quedan fuera de combate. Con la nave a la deriva, solo Ted Striker, un antiguo as de la aviación que dejó de volar a causa de una depresión, tiene alguna posibilidad de poder hacerla aterrizar.' WHERE (`IDPelicula` = '5');


-- =========================
-- SALA
-- =========================

DROP TABLE IF EXISTS `sala`;
CREATE TABLE `sala` (
  `IDSala` int unsigned NOT NULL auto_increment,
  `NomSala` char(30) NOT NULL,
  `Aforo` int unsigned NOT NULL DEFAULT 200,
  PRIMARY KEY (`IDSala`)
) ENGINE=InnoDB DEFAULT CHARSET=utf8mb4 COLLATE=utf8mb4_general_ci;

/*Inserts*/
INSERT INTO Sala (IDSala, NomSala, Aforo)
VALUES
(1, 'Sala 1', '150'),
(2, 'Sala 2', '100'),
(3, 'Sala 3', '150'),
(4, 'Sala 4', '100'),
(5, 'Sala 5', '150');
-- =========================
-- SESION
-- =========================

DROP TABLE IF EXISTS `sesion`;
CREATE TABLE sesion (
  IDSesion INT UNSIGNED NOT NULL AUTO_INCREMENT,
  CodigoSesion VARCHAR(6) NOT NULL,
  FecHoraIni TIMESTAMP NOT NULL,
  FecHoraFin TIMESTAMP NULL,
  Precio DOUBLE UNSIGNED NOT NULL,
  IDSala INT UNSIGNED NOT NULL,
  IDPelicula INT UNSIGNED NOT NULL,
  PRIMARY KEY (IDSesion),
  KEY FK_Sesion_Sala (IDSala),
  KEY FK_Sesion_Pelicula (IDPelicula),
  CONSTRAINT FK_Sesion_Sala FOREIGN KEY (IDSala) REFERENCES sala(IDSala) ON UPDATE CASCADE,
  CONSTRAINT FK_Sesion_Pelicula FOREIGN KEY (IDPelicula) REFERENCES pelicula(IDPelicula) ON UPDATE CASCADE
);

/*Inserts*/
INSERT INTO Sesion (CodigoSesion, FecHoraIni, FecHoraFin, Precio, IDSala, IDPelicula)
VALUES
('S01-01','2026-01-15 10:00:00','2026-01-15 12:00:00',6.0,1,1),
('S01-02','2026-01-15 12:00:00','2026-01-15 14:00:00',6.0,1,1),
('S01-03','2026-01-15 14:00:00','2026-01-15 16:00:00',6.0,1,1),
('S01-04','2026-01-15 16:00:00','2026-01-15 18:00:00',9.5,1,1),
('S01-05','2026-01-15 18:00:00','2026-01-15 20:00:00',9.5,1,1),
('S01-06','2026-01-15 20:00:00','2026-01-15 22:00:00',9.5,1,1),
('S01-07','2026-01-15 22:00:00','2026-01-16 00:00:00',12.0,1,1),
('S01-08','2026-01-16 00:00:00','2026-01-16 02:00:00',12.0,1,1),

('S02-01','2026-01-15 10:00:00','2026-01-15 12:00:00',6.0,'2',2),
('S02-02','2026-01-15 12:00:00','2026-01-15 14:00:00',6.0,'2',2),
('S02-03','2026-01-15 14:00:00','2026-01-15 16:00:00',6.0,'2',2),
('S02-04','2026-01-15 16:00:00','2026-01-15 18:00:00',9.5,'2',2),
('S02-05','2026-01-15 18:00:00','2026-01-15 20:00:00',9.5,'2',2),
('S02-06','2026-01-15 20:00:00','2026-01-15 22:00:00',9.5,'2',2),
('S02-07','2026-01-15 22:00:00','2026-01-16 00:00:00',12.0,'2',2),
('S02-08','2026-01-16 00:00:00','2026-01-16 02:00:00',12.0,'2',2),

('S03-01','2026-01-15 10:00:00','2026-01-15 12:00:00',6.0,'3',3),
('S03-02','2026-01-15 12:00:00','2026-01-15 14:00:00',6.0,'3',3),
('S03-03','2026-01-15 14:00:00','2026-01-15 16:00:00',6.0,'3',3),
('S03-04','2026-01-15 16:00:00','2026-01-15 18:00:00',9.5,'3',3),
('S03-05','2026-01-15 18:00:00','2026-01-15 20:00:00',9.5,'3',3),
('S03-06','2026-01-15 20:00:00','2026-01-15 22:00:00',9.5,'3',3),
('S03-07','2026-01-15 22:00:00','2026-01-16 00:00:00',12.0,'3',3),
('S03-08','2026-01-16 00:00:00','2026-01-16 02:00:00',12.0,'3',3),

('S04-01','2026-01-15 10:00:00','2026-01-15 12:00:00',6.0,'4',4),
('S04-02','2026-01-15 12:00:00','2026-01-15 14:00:00',6.0,'4',4),
('S04-03','2026-01-15 14:00:00','2026-01-15 16:00:00',6.0,'4',4),
('S04-04','2026-01-15 16:00:00','2026-01-15 18:00:00',9.5,'4',4),
('S04-05','2026-01-15 18:00:00','2026-01-15 20:00:00',9.5,'4',4),
('S04-06','2026-01-15 20:00:00','2026-01-15 22:00:00',9.5,'4',4),
('S04-07','2026-01-15 22:00:00','2026-01-16 00:00:00',12.0,'4',4),
('S04-08','2026-01-16 00:00:00','2026-01-16 02:00:00',12.0,'4',4),

('S05-01','2026-01-15 10:00:00','2026-01-15 12:00:00',6.0,'5',5),
('S05-02','2026-01-15 12:00:00','2026-01-15 14:00:00',6.0,'5',5),
('S05-03','2026-01-15 14:00:00','2026-01-15 16:00:00',6.0,'5',5),
('S05-04','2026-01-15 16:00:00','2026-01-15 18:00:00',9.5,'5',5),
('S05-05','2026-01-15 18:00:00','2026-01-15 20:00:00',9.5,'5',5),
('S05-06','2026-01-15 20:00:00','2026-01-15 22:00:00',9.5,'5',5),
('S05-07','2026-01-15 22:00:00','2026-01-16 00:00:00',12.0,'5',5),
('S05-08','2026-01-16 00:00:00','2026-01-16 02:00:00',12.0,'5',5);


-- ==================== 2026-01-16 ====================
INSERT INTO Sesion (CodigoSesion, FecHoraIni, FecHoraFin, Precio, IDSala, IDPelicula)
VALUES
('S01-01','2026-01-16 10:00:00','2026-01-16 12:00:00',6.0,1,1),
('S01-02','2026-01-16 12:00:00','2026-01-16 14:00:00',6.0,1,1),
('S01-03','2026-01-16 14:00:00','2026-01-16 16:00:00',6.0,1,1),
('S01-04','2026-01-16 16:00:00','2026-01-16 18:00:00',9.5,1,1),
('S01-05','2026-01-16 18:00:00','2026-01-16 20:00:00',9.5,1,1),
('S01-06','2026-01-16 20:00:00','2026-01-16 22:00:00',9.5,1,1),
('S01-07','2026-01-16 22:00:00','2026-01-17 00:00:00',12.0,1,1),
('S01-08','2026-01-17 00:00:00','2026-01-17 02:00:00',12.0,1,1),

('S02-01','2026-01-16 10:00:00','2026-01-16 12:00:00',6.0,'2',2),
('S02-02','2026-01-16 12:00:00','2026-01-16 14:00:00',6.0,'2',2),
('S02-03','2026-01-16 14:00:00','2026-01-16 16:00:00',6.0,'2',2),
('S02-04','2026-01-16 16:00:00','2026-01-16 18:00:00',9.5,'2',2),
('S02-05','2026-01-16 18:00:00','2026-01-16 20:00:00',9.5,'2',2),
('S02-06','2026-01-16 20:00:00','2026-01-16 22:00:00',9.5,'2',2),
('S02-07','2026-01-16 22:00:00','2026-01-17 00:00:00',12.0,'2',2),
('S02-08','2026-01-17 00:00:00','2026-01-17 02:00:00',12.0,'2',2),

('S03-01','2026-01-16 10:00:00','2026-01-16 12:00:00',6.0,'3',3),
('S03-02','2026-01-16 12:00:00','2026-01-16 14:00:00',6.0,'3',3),
('S03-03','2026-01-16 14:00:00','2026-01-16 16:00:00',6.0,'3',3),
('S03-04','2026-01-16 16:00:00','2026-01-16 18:00:00',9.5,'3',3),
('S03-05','2026-01-16 18:00:00','2026-01-16 20:00:00',9.5,'3',3),
('S03-06','2026-01-16 20:00:00','2026-01-16 22:00:00',9.5,'3',3),
('S03-07','2026-01-16 22:00:00','2026-01-17 00:00:00',12.0,'3',3),
('S03-08','2026-01-17 00:00:00','2026-01-17 02:00:00',12.0,'3',3),

('S04-01','2026-01-16 10:00:00','2026-01-16 12:00:00',6.0,'4',4),
('S04-02','2026-01-16 12:00:00','2026-01-16 14:00:00',6.0,'4',4),
('S04-03','2026-01-16 14:00:00','2026-01-16 16:00:00',6.0,'4',4),
('S04-04','2026-01-16 16:00:00','2026-01-16 18:00:00',9.5,'4',4),
('S04-05','2026-01-16 18:00:00','2026-01-16 20:00:00',9.5,'4',4),
('S04-06','2026-01-16 20:00:00','2026-01-16 22:00:00',9.5,'4',4),
('S04-07','2026-01-16 22:00:00','2026-01-17 00:00:00',12.0,'4',4),
('S04-08','2026-01-17 00:00:00','2026-01-17 02:00:00',12.0,'4',4),

('S05-01','2026-01-16 10:00:00','2026-01-16 12:00:00',6.0,'5',5),
('S05-02','2026-01-16 12:00:00','2026-01-16 14:00:00',6.0,'5',5),
('S05-03','2026-01-16 14:00:00','2026-01-16 16:00:00',6.0,'5',5),
('S05-04','2026-01-16 16:00:00','2026-01-16 18:00:00',9.5,'5',5),
('S05-05','2026-01-16 18:00:00','2026-01-16 20:00:00',9.5,'5',5),
('S05-06','2026-01-16 20:00:00','2026-01-16 22:00:00',9.5,'5',5),
('S05-07','2026-01-16 22:00:00','2026-01-17 00:00:00',12.0,'5',5),
('S05-08','2026-01-17 00:00:00','2026-01-17 02:00:00',12.0,'5',5);

-- ==================== 2026-01-17 ====================
INSERT INTO Sesion (CodigoSesion, FecHoraIni, FecHoraFin, Precio, IDSala, IDPelicula) VALUES
('S01-01','2026-01-17 10:00:00','2026-01-17 12:00:00',6.0,1,1),
('S01-02','2026-01-17 12:00:00','2026-01-17 14:00:00',6.0,1,1),
('S01-03','2026-01-17 14:00:00','2026-01-17 16:00:00',6.0,1,1),
('S01-04','2026-01-17 16:00:00','2026-01-17 18:00:00',9.5,1,1),
('S01-05','2026-01-17 18:00:00','2026-01-17 20:00:00',9.5,1,1),
('S01-06','2026-01-17 20:00:00','2026-01-17 22:00:00',9.5,1,1),
('S01-07','2026-01-17 22:00:00','2026-01-18 00:00:00',12.0,1,1),
('S01-08','2026-01-18 00:00:00','2026-01-18 02:00:00',12.0,1,1),

('S02-01','2026-01-17 10:00:00','2026-01-17 12:00:00',6.0,'2',2),
('S02-02','2026-01-17 12:00:00','2026-01-17 14:00:00',6.0,'2',2),
('S02-03','2026-01-17 14:00:00','2026-01-17 16:00:00',6.0,'2',2),
('S02-04','2026-01-17 16:00:00','2026-01-17 18:00:00',9.5,'2',2),
('S02-05','2026-01-17 18:00:00','2026-01-17 20:00:00',9.5,'2',2),
('S02-06','2026-01-17 20:00:00','2026-01-17 22:00:00',9.5,'2',2),
('S02-07','2026-01-17 22:00:00','2026-01-18 00:00:00',12.0,'2',2),
('S02-08','2026-01-18 00:00:00','2026-01-18 02:00:00',12.0,'2',2),

('S03-01','2026-01-17 10:00:00','2026-01-17 12:00:00',6.0,'3',3),
('S03-02','2026-01-17 12:00:00','2026-01-17 14:00:00',6.0,'3',3),
('S03-03','2026-01-17 14:00:00','2026-01-17 16:00:00',6.0,'3',3),
('S03-04','2026-01-17 16:00:00','2026-01-17 18:00:00',9.5,'3',3),
('S03-05','2026-01-17 18:00:00','2026-01-17 20:00:00',9.5,'3',3),
('S03-06','2026-01-17 20:00:00','2026-01-17 22:00:00',9.5,'3',3),
('S03-07','2026-01-17 22:00:00','2026-01-18 00:00:00',12.0,'3',3),
('S03-08','2026-01-18 00:00:00','2026-01-18 02:00:00',12.0,'3',3),

('S04-01','2026-01-17 10:00:00','2026-01-17 12:00:00',6.0,'4',4),
('S04-02','2026-01-17 12:00:00','2026-01-17 14:00:00',6.0,'4',4),
('S04-03','2026-01-17 14:00:00','2026-01-17 16:00:00',6.0,'4',4),
('S04-04','2026-01-17 16:00:00','2026-01-17 18:00:00',9.5,'4',4),
('S04-05','2026-01-17 18:00:00','2026-01-17 20:00:00',9.5,'4',4),
('S04-06','2026-01-17 20:00:00','2026-01-17 22:00:00',9.5,'4',4),
('S04-07','2026-01-17 22:00:00','2026-01-18 00:00:00',12.0,'4',4),
('S04-08','2026-01-18 00:00:00','2026-01-18 02:00:00',12.0,'4',4),

('S05-01','2026-01-17 10:00:00','2026-01-17 12:00:00',6.0,'5',5),
('S05-02','2026-01-17 12:00:00','2026-01-17 14:00:00',6.0,'5',5),
('S05-03','2026-01-17 14:00:00','2026-01-17 16:00:00',6.0,'5',5),
('S05-04','2026-01-17 16:00:00','2026-01-17 18:00:00',9.5,'5',5),
('S05-05','2026-01-17 18:00:00','2026-01-17 20:00:00',9.5,'5',5),
('S05-06','2026-01-17 20:00:00','2026-01-17 22:00:00',9.5,'5',5),
('S05-07','2026-01-17 22:00:00','2026-01-18 00:00:00',12.0,'5',5),
('S05-08','2026-01-18 00:00:00','2026-01-18 02:00:00',12.0,'5',5);

-- ==================== 2026-01-18 ====================
INSERT INTO Sesion (CodigoSesion, FecHoraIni, FecHoraFin, Precio, IDSala, IDPelicula) VALUES
('S01-01','2026-01-18 10:00:00','2026-01-18 12:00:00',6.0,1,1),
('S01-02','2026-01-18 12:00:00','2026-01-18 14:00:00',6.0,1,1),
('S01-03','2026-01-18 14:00:00','2026-01-18 16:00:00',6.0,1,1),
('S01-04','2026-01-18 16:00:00','2026-01-18 18:00:00',9.5,1,1),
('S01-05','2026-01-18 18:00:00','2026-01-18 20:00:00',9.5,1,1),
('S01-06','2026-01-18 20:00:00','2026-01-18 22:00:00',9.5,1,1),
('S01-07','2026-01-18 22:00:00','2026-01-19 00:00:00',12.0,1,1),
('S01-08','2026-01-19 00:00:00','2026-01-19 02:00:00',12.0,1,1),

('S02-01','2026-01-18 10:00:00','2026-01-18 12:00:00',6.0,'2',2),
('S02-02','2026-01-18 12:00:00','2026-01-18 14:00:00',6.0,'2',2),
('S02-03','2026-01-18 14:00:00','2026-01-18 16:00:00',6.0,'2',2),
('S02-04','2026-01-18 16:00:00','2026-01-18 18:00:00',9.5,'2',2),
('S02-05','2026-01-18 18:00:00','2026-01-18 20:00:00',9.5,'2',2),
('S02-06','2026-01-18 20:00:00','2026-01-18 22:00:00',9.5,'2',2),
('S02-07','2026-01-18 22:00:00','2026-01-19 00:00:00',12.0, '2',2),
('S02-08','2026-01-19 00:00:00','2026-01-19 02:00:00',12.0,'2',2),

('S03-01','2026-01-18 10:00:00','2026-01-18 12:00:00',6.0,'3',3),
('S03-02','2026-01-18 12:00:00','2026-01-18 14:00:00',6.0,'3',3),
('S03-03','2026-01-18 14:00:00','2026-01-18 16:00:00',6.0,'3',3),
('S03-04','2026-01-18 16:00:00','2026-01-18 18:00:00',9.5,'3',3),
('S03-05','2026-01-18 18:00:00','2026-01-18 20:00:00',9.5,'3',3),
('S03-06','2026-01-18 20:00:00','2026-01-18 22:00:00',9.5,'3',3),
('S03-07','2026-01-18 22:00:00','2026-01-19 00:00:00',12.0,'3',3),
('S03-08','2026-01-19 00:00:00','2026-01-19 02:00:00',12.0,'3',3),

('S04-01','2026-01-18 10:00:00','2026-01-18 12:00:00',6.0,'4',4),
('S04-02','2026-01-18 12:00:00','2026-01-18 14:00:00',6.0,'4',4),
('S04-03','2026-01-18 14:00:00','2026-01-18 16:00:00',6.0,'4',4),
('S04-04','2026-01-18 16:00:00','2026-01-18 18:00:00',9.5,'4',4),
('S04-05','2026-01-18 18:00:00','2026-01-18 20:00:00',9.5,'4',4),
('S04-06','2026-01-18 20:00:00','2026-01-18 22:00:00',9.5,'4',4),
('S04-07','2026-01-18 22:00:00','2026-01-19 00:00:00',12.0,'4',4),
('S04-08','2026-01-19 00:00:00','2026-01-19 02:00:00',12.0,'4',4),

('S05-01','2026-01-18 10:00:00','2026-01-18 12:00:00',6.0,'5',5),
('S05-02','2026-01-18 12:00:00','2026-01-18 14:00:00',6.0,'5',5),
('S05-03','2026-01-18 14:00:00','2026-01-18 16:00:00',6.0,'5',5),
('S05-04','2026-01-18 16:00:00','2026-01-18 18:00:00',9.5,'5',5),
('S05-05','2026-01-18 18:00:00','2026-01-18 20:00:00',9.5,'5',5),
('S05-06','2026-01-18 20:00:00','2026-01-18 22:00:00',9.5,'5',5),
('S05-07','2026-01-18 22:00:00','2026-01-19 00:00:00',12.0,'5',5),
('S05-08','2026-01-19 00:00:00','2026-01-19 02:00:00',12.0,'5',5);

-- ==================== 2026-01-19 ====================
INSERT INTO Sesion (CodigoSesion, FecHoraIni, FecHoraFin, Precio, IDSala, IDPelicula) VALUES
('S01-01','2026-01-19 10:00:00','2026-01-19 12:00:00',6.0,1,1),
('S01-02','2026-01-19 12:00:00','2026-01-19 14:00:00',6.0,1,1),
('S01-03','2026-01-19 14:00:00','2026-01-19 16:00:00',6.0,1,1),
('S01-04','2026-01-19 16:00:00','2026-01-19 18:00:00',9.5,1,1),
('S01-05','2026-01-19 18:00:00','2026-01-19 20:00:00',9.5,1,1),
('S01-06','2026-01-19 20:00:00','2026-01-19 22:00:00',9.5,1,1),
('S01-07','2026-01-19 22:00:00','2026-01-20 00:00:00',12.0,1,1),
('S01-08','2026-01-20 00:00:00','2026-01-20 02:00:00',12.0,1,1),

('S02-01','2026-01-19 10:00:00','2026-01-19 12:00:00',6.0,'2',2),
('S02-02','2026-01-19 12:00:00','2026-01-19 14:00:00',6.0,'2',2),
('S02-03','2026-01-19 14:00:00','2026-01-19 16:00:00',6.0,'2',2),
('S02-04','2026-01-19 16:00:00','2026-01-19 18:00:00',9.5,'2',2),
('S02-05','2026-01-19 18:00:00','2026-01-19 20:00:00',9.5,'2',2),
('S02-06','2026-01-19 20:00:00','2026-01-19 22:00:00',9.5,'2',2),
('S02-07','2026-01-19 22:00:00','2026-01-20 00:00:00',12.0,'2',2),
('S02-08','2026-01-20 00:00:00','2026-01-20 02:00:00',12.0,'2',2),

('S03-01','2026-01-19 10:00:00','2026-01-19 12:00:00',6.0,'3',3),
('S03-02','2026-01-19 12:00:00','2026-01-19 14:00:00',6.0,'3',3),
('S03-03','2026-01-19 14:00:00','2026-01-19 16:00:00',6.0,'3',3),
('S03-04','2026-01-19 16:00:00','2026-01-19 18:00:00',9.5,'3',3),
('S03-05','2026-01-19 18:00:00','2026-01-19 20:00:00',9.5,'3',3),
('S03-06','2026-01-19 20:00:00','2026-01-19 22:00:00',9.5,'3',3),
('S03-07','2026-01-19 22:00:00','2026-01-20 00:00:00',12.0,'3',3),
('S03-08','2026-01-20 00:00:00','2026-01-20 02:00:00',12.0,'3',3),

('S04-01','2026-01-19 10:00:00','2026-01-19 12:00:00',6.0,'4',4),
('S04-02','2026-01-19 12:00:00','2026-01-19 14:00:00',6.0,'4',4),
('S04-03','2026-01-19 14:00:00','2026-01-19 16:00:00',6.0,'4',4),
('S04-04','2026-01-19 16:00:00','2026-01-19 18:00:00',9.5,'4',4),
('S04-05','2026-01-19 18:00:00','2026-01-19 20:00:00',9.5,'4',4),
('S04-06','2026-01-19 20:00:00','2026-01-19 22:00:00',9.5,'4',4),
('S04-07','2026-01-19 22:00:00','2026-01-20 00:00:00',12.0,'4',4),
('S04-08','2026-01-20 00:00:00','2026-01-20 02:00:00',12.0,'4',4),

('S05-01','2026-01-19 10:00:00','2026-01-19 12:00:00',6.0,'5',5),
('S05-02','2026-01-19 12:00:00','2026-01-19 14:00:00',6.0,'5',5),
('S05-03','2026-01-19 14:00:00','2026-01-19 16:00:00',6.0,'5',5),
('S05-04','2026-01-19 16:00:00','2026-01-19 18:00:00',9.5,'5',5),
('S05-05','2026-01-19 18:00:00','2026-01-19 20:00:00',9.5,'5',5),
('S05-06','2026-01-19 20:00:00','2026-01-19 22:00:00',9.5,'5',5),
('S05-07','2026-01-19 22:00:00','2026-01-20 00:00:00',12.0,'5',5),
('S05-08','2026-01-20 00:00:00','2026-01-20 02:00:00',12.0,'5',5);

-- ==================== 2026-01-20 ====================
INSERT INTO Sesion (CodigoSesion, FecHoraIni, FecHoraFin, Precio, IDSala, IDPelicula) VALUES
('S01-01','2026-01-20 10:00:00','2026-01-20 12:00:00',6.0,1,1),
('S01-02','2026-01-20 12:00:00','2026-01-20 14:00:00',6.0,1,1),
('S01-03','2026-01-20 14:00:00','2026-01-20 16:00:00',6.0,1,1),
('S01-04','2026-01-20 16:00:00','2026-01-20 18:00:00',9.5,1,1),
('S01-05','2026-01-20 18:00:00','2026-01-20 20:00:00',9.5,1,1),
('S01-06','2026-01-20 20:00:00','2026-01-20 22:00:00',9.5,1,1),
('S01-07','2026-01-20 22:00:00','2026-01-21 00:00:00',12.0,1,1),
('S01-08','2026-01-21 00:00:00','2026-01-21 02:00:00',12.0,1,1),

('S02-01','2026-01-20 10:00:00','2026-01-20 12:00:00',6.0,'2',2),
('S02-02','2026-01-20 12:00:00','2026-01-20 14:00:00',6.0,'2',2),
('S02-03','2026-01-20 14:00:00','2026-01-20 16:00:00',6.0,'2',2),
('S02-04','2026-01-20 16:00:00','2026-01-20 18:00:00',9.5,'2',2),
('S02-05','2026-01-20 18:00:00','2026-01-20 20:00:00',9.5,'2',2),
('S02-06','2026-01-20 20:00:00','2026-01-20 22:00:00',9.5,'2',2),
('S02-07','2026-01-20 22:00:00','2026-01-21 00:00:00',12.0,'2',2),
('S02-08','2026-01-21 00:00:00','2026-01-21 02:00:00',12.0,'2',2),

('S03-01','2026-01-20 10:00:00','2026-01-20 12:00:00',6.0,'3',3),
('S03-02','2026-01-20 12:00:00','2026-01-20 14:00:00',6.0,'3',3),
('S03-03','2026-01-20 14:00:00','2026-01-20 16:00:00',6.0,'3',3),
('S03-04','2026-01-20 16:00:00','2026-01-20 18:00:00',9.5,'3',3),
('S03-05','2026-01-20 18:00:00','2026-01-20 20:00:00',9.5,'3',3),
('S03-06','2026-01-20 20:00:00','2026-01-20 22:00:00',9.5,'3',3),
('S03-07','2026-01-20 22:00:00','2026-01-21 00:00:00',12.0,'3',3),
('S03-08','2026-01-21 00:00:00','2026-01-21 02:00:00',12.0,'3',3),

('S04-01','2026-01-20 10:00:00','2026-01-20 12:00:00',6.0,'4',4),
('S04-02','2026-01-20 12:00:00','2026-01-20 14:00:00',6.0,'4',4),
('S04-03','2026-01-20 14:00:00','2026-01-20 16:00:00',6.0,'4',4),
('S04-04','2026-01-20 16:00:00','2026-01-20 18:00:00',9.5,'4',4),
('S04-05','2026-01-20 18:00:00','2026-01-20 20:00:00',9.5,'4',4),
('S04-06','2026-01-20 20:00:00','2026-01-20 22:00:00',9.5,'4',4),
('S04-07','2026-01-20 22:00:00','2026-01-21 00:00:00',12.0, '4',4),
('S04-08','2026-01-21 00:00:00','2026-01-21 02:00:00',12.0,'4',4),

('S05-01','2026-01-20 10:00:00','2026-01-20 12:00:00',6.0,'5',5),
('S05-02','2026-01-20 12:00:00','2026-01-20 14:00:00',6.0,'5',5),
('S05-03','2026-01-20 14:00:00','2026-01-20 16:00:00',6.0,'5',5),
('S05-04','2026-01-20 16:00:00','2026-01-20 18:00:00',9.5,'5',5),
('S05-05','2026-01-20 18:00:00','2026-01-20 20:00:00',9.5,'5',5),
('S05-06','2026-01-20 20:00:00','2026-01-20 22:00:00',9.5,'5',5),
('S05-07','2026-01-20 22:00:00','2026-01-21 00:00:00',12.0,'5',5),
('S05-08','2026-01-21 00:00:00','2026-01-21 02:00:00',12.0,'5',5);

-- ==================== 2026-01-21 ====================
INSERT INTO Sesion (CodigoSesion, FecHoraIni, FecHoraFin, Precio, IDSala, IDPelicula) VALUES
('S01-01','2026-01-21 10:00:00','2026-01-21 12:00:00',6.0,1,1),
('S01-02','2026-01-21 12:00:00','2026-01-21 14:00:00',6.0,1,1),
('S01-03','2026-01-21 14:00:00','2026-01-21 16:00:00',6.0,1,1),
('S01-04','2026-01-21 16:00:00','2026-01-21 18:00:00',9.5,1,1),
('S01-05','2026-01-21 18:00:00','2026-01-21 20:00:00',9.5,1,1),
('S01-06','2026-01-21 20:00:00','2026-01-21 22:00:00',9.5,1,1),
('S01-07','2026-01-21 22:00:00','2026-01-22 00:00:00',12.0,1,1),
('S01-08','2026-01-22 00:00:00','2026-01-22 02:00:00',12.0,1,1),

('S02-01','2026-01-21 10:00:00','2026-01-21 12:00:00',6.0,'2',2),
('S02-02','2026-01-21 12:00:00','2026-01-21 14:00:00',6.0,'2',2),
('S02-03','2026-01-21 14:00:00','2026-01-21 16:00:00',6.0,'2',2),
('S02-04','2026-01-21 16:00:00','2026-01-21 18:00:00',9.5,'2',2),
('S02-05','2026-01-21 18:00:00','2026-01-21 20:00:00',9.5,'2',2),
('S02-06','2026-01-21 20:00:00','2026-01-21 22:00:00',9.5,'2',2),
('S02-07','2026-01-21 22:00:00','2026-01-22 00:00:00',12.0,'2',2),
('S02-08','2026-01-22 00:00:00','2026-01-22 02:00:00',12.0,'2',2),

('S03-01','2026-01-21 10:00:00','2026-01-21 12:00:00',6.0,'3',3),
('S03-02','2026-01-21 12:00:00','2026-01-21 14:00:00',6.0,'3',3),
('S03-03','2026-01-21 14:00:00','2026-01-21 16:00:00',6.0,'3',3),
('S03-04','2026-01-21 16:00:00','2026-01-21 18:00:00',9.5,'3',3),
('S03-05','2026-01-21 18:00:00','2026-01-21 20:00:00',9.5,'3',3),
('S03-06','2026-01-21 20:00:00','2026-01-21 22:00:00',9.5,'3',3),
('S03-07','2026-01-21 22:00:00','2026-01-22 00:00:00',12.0,'3',3),
('S03-08','2026-01-22 00:00:00','2026-01-22 02:00:00',12.0,'3',3),

('S04-01','2026-01-21 10:00:00','2026-01-21 12:00:00',6.0,'4',4),
('S04-02','2026-01-21 12:00:00','2026-01-21 14:00:00',6.0,'4',4),
('S04-03','2026-01-21 14:00:00','2026-01-21 16:00:00',6.0,'4',4),
('S04-04','2026-01-21 16:00:00','2026-01-21 18:00:00',9.5,'4',4),
('S04-05','2026-01-21 18:00:00','2026-01-21 20:00:00',9.5,'4',4),
('S04-06','2026-01-21 20:00:00','2026-01-21 22:00:00',9.5,'4',4),
('S04-07','2026-01-21 22:00:00','2026-01-22 00:00:00',12.0,'4',4),
('S04-08','2026-01-22 00:00:00','2026-01-22 02:00:00',12.0,'4',4),

('S05-01','2026-01-21 10:00:00','2026-01-21 12:00:00',6.0,'5',5),
('S05-02','2026-01-21 12:00:00','2026-01-21 14:00:00',6.0,'5',5),
('S05-03','2026-01-21 14:00:00','2026-01-21 16:00:00',6.0,'5',5),
('S05-04','2026-01-21 16:00:00','2026-01-21 18:00:00',9.5,'5',5),
('S05-05','2026-01-21 18:00:00','2026-01-21 20:00:00',9.5,'5',5),
('S05-06','2026-01-21 20:00:00','2026-01-21 22:00:00',9.5,'5',5),
('S05-07','2026-01-21 22:00:00','2026-01-22 00:00:00',12.0,'5',5),
('S05-08','2026-01-22 00:00:00','2026-01-22 02:00:00',12.0,'5',5);